<!-- Shared launch file component for configuring particle_filter_node. -->
<launch>
    <arg name="publish_tf" default="true" />
    <arg name="n_particles" default="10000"/>
    <arg name="n_viz_particles" default="60" />
    <arg name="scan_topic" default="scan"/>
    <arg name="laser_ray_step" default="18"/>
    <arg name="exclude_max_range_rays" default="true"/>
    <arg name="max_range_meters" default="11.0" />
    <arg name="initial_x" default="NaN"/>
    <arg name="initial_y" default="NaN"/>
    <arg name="initial_theta" default="NaN"/>

    <node pkg="car_state_estimation" type="particle_filter_node" name="particle_filter" output="screen">
        <param name="publish_tf" value="$(arg publish_tf)" />
        <param name="n_particles" value="$(arg n_particles)"/>
        <param name="n_viz_particles" value="$(arg n_viz_particles)"/>
        <param name="scan_topic" value="$(arg scan_topic)"/>
        <param name="laser_ray_step" value="$(arg laser_ray_step)"/>
        <param name="exclude_max_range_rays" value="$(arg exclude_max_range_rays)" />
        <param name="max_range_meters" value="$(arg max_range_meters)" />
        <param name="initial_x" value="$(arg initial_x)"/>
        <param name="initial_y" value="$(arg initial_y)"/>
        <param name="initial_theta" value="$(arg initial_theta)"/>
        <remap from="servo_state" to="vesc/sensors/servo_position_command" />
        <rosparam command="load" file="$(find car_state_estimation)/config/parameters.yaml" />
    </node>
</launch>

