<?xml version='1.0' encoding='UTF-8'?>
<root version="2.3.8">
 <tabbed_widget parent="main_window" name="Main Window">
  <Tab tab_name="Controller Error" containers="1">
   <Container>
    <DockSplitter orientation="-" sizes="0.50;0.50" count="2">
     <DockSplitter orientation="|" sizes="0.50;0.50" count="2">
      <DockSplitter orientation="-" sizes="0.50;0.50" count="2">
       <DockArea name="...">
        <plot style="Lines" mode="TimeSeries">
         <range right="74.963884" bottom="-2.527011" top="2.354175" left="64.813944"/>
         <limitY/>
         <curve name="/car/car_pose/position/x" color="#790079"/>
         <curve name="/car/car_pose/position/y" color="#008282"/>
         <curve name="/car/controller/path/reference_state/position/x" color="#ff00ff"/>
         <curve name="/car/controller/path/reference_state/position/y" color="#00ffff"/>
        </plot>
       </DockArea>
       <DockArea name="...">
        <plot style="Lines" mode="TimeSeries">
         <range right="74.963884" bottom="17.394411" top="17.394429" left="64.813944"/>
         <limitY/>
         <curve name="/car/car_pose/orientation/yaw_deg" color="#ff0000">
          <transform name="Scale/Offset" alias="/car/car_pose/orientation/yaw_deg[Scale/Offset]">
           <options value_scale="0.017453" time_offset="0" value_offset="0"/>
          </transform>
         </curve>
         <curve name="/car/controller/path/reference_state/orientation/yaw_deg" color="#00ff00"/>
        </plot>
       </DockArea>
      </DockSplitter>
      <DockArea name="...">
       <plot style="Lines" mode="XYPlot">
        <range right="-2.410739" bottom="2.237857" top="2.237958" left="-2.410831"/>
        <limitY/>
        <curve name="Real Car Path" curve_y="/car/car_pose/position/y" curve_x="/car/car_pose/position/x" color="#ff0000"/>
        <curve name="Reference State Path" curve_y="/car/controller/path/reference_state/position/y" curve_x="/car/controller/path/reference_state/position/x" color="#00ff00"/>
       </plot>
      </DockArea>
     </DockSplitter>
     <DockSplitter orientation="|" sizes="0.500489;0.499511" count="2">
      <DockArea name="...">
       <plot style="Lines" mode="TimeSeries">
        <range right="0.000000" bottom="-0.500000" top="0.500000" left="0.000000"/>
        <limitY min="-0.5" max="0.5"/>
        <curve name="/car/controller/error/data" color="#0000ff"/>
       </plot>
      </DockArea>
      <DockArea name="...">
       <plot style="Lines" mode="TimeSeries">
        <range right="0.000000" bottom="-0.100000" top="0.100000" left="0.000000"/>
        <limitY/>
        <curve name="/car/mux/ackermann_cmd_mux/input/navigation/drive/speed" color="#9467bd"/>
        <curve name="/car/mux/ackermann_cmd_mux/input/navigation/drive/steering_angle" color="#17becf"/>
       </plot>
      </DockArea>
     </DockSplitter>
    </DockSplitter>
   </Container>
  </Tab>
  <currentTabIndex index="0"/>
 </tabbed_widget>
 <use_relative_time_offset enabled="1"/>
 <!-- - - - - - - - - - - - - - - -->
 <!-- - - - - - - - - - - - - - - -->
 <Plugins>
  <plugin ID="DataLoad CSV">
   <default time_axis=""/>
  </plugin>
  <plugin ID="DataLoad ROS bags">
   <use_header_stamp value="false"/>
   <use_renaming_rules value="true"/>
   <discard_large_arrays value="true"/>
   <max_array_size value="100"/>
  </plugin>
  <plugin ID="DataLoad ULog"/>
  <plugin ID="MQTT Subscriber"/>
  <plugin ID="ROS Topic Subscriber">
   <use_header_stamp value="false"/>
   <use_renaming_rules value="true"/>
   <discard_large_arrays value="true"/>
   <max_array_size value="100"/>
  </plugin>
  <plugin ID="UDP Server"/>
  <plugin ID="WebSocket Server"/>
  <plugin ID="ZMQ Subscriber"/>
  <plugin ID="ROS /rosout Visualization" status="idle"/>
  <plugin ID="ROS Topic Re-Publisher" status="idle"/>
 </Plugins>
 <!-- - - - - - - - - - - - - - - -->
 <previouslyLoaded_Datafiles/>
 <previouslyLoaded_Streamer name="ROS Topic Subscriber"/>
 <!-- - - - - - - - - - - - - - - -->
 <customMathEquations/>
 <snippets/>
 <!-- - - - - - - - - - - - - - - -->
</root>

